{
  "project_info": {
    "project_number": "777644277728",
    "firebase_url": "https://live-meet-e404a.firebaseio.com",
    "project_id": "live-meet-e404a",
    "storage_bucket": "live-meet-e404a.appspot.com"
  },
  "client": [
    {
      "client_info": {
        "mobilesdk_app_id": "1:777644277728:android:1d7177b5d2c7c4e3c07585",
        "android_client_info": {
          "package_name": "com.example.livemeet"
        }
      },
      "oauth_client": [
        {
          "client_id": "777644277728-qakmehhh9b9g0gu7o7ur699m8e1rppnp.apps.googleusercontent.com",
          "client_type": 3
        }
      ],
      "api_key": [
        {
          "current_key": "AIzaSyDaH2MdA0Patf-1DMxwNelpQqE36pn6GOY"
        }
      ],
      "services": {
        "appinvite_service": {
          "other_platform_oauth_client": [
            {
              "client_id": "777644277728-qakmehhh9b9g0gu7o7ur699m8e1rppnp.apps.googleusercontent.com",
              "client_type": 3
            }
          ]
        }
      }
    }
  ],
  "configuration_version": "1"
}